{
  "schema_version": "openarm2.stage-quality-review.v2",
  "rubric": "docs/shirt-fold-labeling-v2.md",
  "review_scope": {
    "episodes": 33,
    "stages_per_episode": 3,
    "blind_items": 99,
    "temporal_items_reviewed": 27,
    "score_changes_after_temporal_review": 6
  },
  "provenance": {
    "raw_scores_sha256": "bb0d5486f109b135895d449ca71d628768e85114c064e714026df788946a716a",
    "mapping_sha256": "75135b9fecf46b0738befb66b861b54cc6392a37e6172cd9b18942cc7c5498ae",
    "v1_manifest_sha256": "90fa439031ce9e16cd5de5e1293743e0f4e8525a7d51a585da43f6cab20385f3",
    "trim_manifest_sha256": "97019524cda0d85347979b00db56c6e19e26b0d962e1a17fee35c22832a0821f",
    "blind_seed": 20260720
  },
  "policy_episode_split": {
    "seed": 1000,
    "ratio": [
      8,
      1,
      1
    ],
    "train": [
      0,
      1,
      3,
      4,
      5,
      7,
      8,
      9,
      10,
      13,
      15,
      16,
      17,
      18,
      19,
      20,
      21,
      22,
      23,
      24,
      25,
      26,
      28,
      29,
      30,
      31,
      32
    ],
    "validation": [
      2,
      11,
      14
    ],
    "test": [
      6,
      12,
      27
    ]
  },
  "raw_blind_vs_v1": {
    "side_one": {
      "old_distribution": {
        "2": 1,
        "3": 10,
        "4": 15,
        "5": 7
      },
      "new_distribution": {
        "2": 5,
        "3": 9,
        "4": 12,
        "5": 7
      },
      "old_mean": 3.8484848484848486,
      "new_mean": 3.6363636363636362,
      "mean_delta": -0.21212121212121213,
      "exact_agreement": 0.3939393939393939,
      "within_one_agreement": 0.696969696969697,
      "mean_absolute_difference": 0.9393939393939394,
      "spearman_rank_correlation": -0.031679804771619635,
      "quadratic_weighted_kappa": -0.030664395229982766
    },
    "side_two": {
      "old_distribution": {
        "2": 8,
        "3": 12,
        "4": 12,
        "5": 1
      },
      "new_distribution": {
        "2": 4,
        "3": 11,
        "4": 11,
        "5": 7
      },
      "old_mean": 3.1818181818181817,
      "new_mean": 3.6363636363636362,
      "mean_delta": 0.45454545454545453,
      "exact_agreement": 0.30303030303030304,
      "within_one_agreement": 0.8181818181818182,
      "mean_absolute_difference": 0.9393939393939394,
      "spearman_rank_correlation": 0.17806638828074622,
      "quadratic_weighted_kappa": 0.14088820826952542
    },
    "bottom_to_top": {
      "old_distribution": {
        "1": 10,
        "2": 4,
        "3": 8,
        "4": 3,
        "5": 8
      },
      "new_distribution": {
        "1": 11,
        "2": 11,
        "3": 4,
        "4": 4,
        "5": 3
      },
      "old_mean": 2.8484848484848486,
      "new_mean": 2.303030303030303,
      "mean_delta": -0.5454545454545454,
      "exact_agreement": 0.45454545454545453,
      "within_one_agreement": 0.8181818181818182,
      "mean_absolute_difference": 0.7878787878787878,
      "spearman_rank_correlation": 0.7335708557036805,
      "quadratic_weighted_kappa": 0.6783898305084746
    }
  },
  "adjudicated_vs_v1": {
    "side_one": {
      "old_distribution": {
        "2": 1,
        "3": 10,
        "4": 15,
        "5": 7
      },
      "new_distribution": {
        "2": 5,
        "3": 10,
        "4": 12,
        "5": 6
      },
      "old_mean": 3.8484848484848486,
      "new_mean": 3.5757575757575757,
      "mean_delta": -0.2727272727272727,
      "exact_agreement": 0.3939393939393939,
      "within_one_agreement": 0.7575757575757576,
      "mean_absolute_difference": 0.8787878787878788,
      "spearman_rank_correlation": 0.06415383885509836,
      "quadratic_weighted_kappa": 0.07122343480758186
    },
    "side_two": {
      "old_distribution": {
        "2": 8,
        "3": 12,
        "4": 12,
        "5": 1
      },
      "new_distribution": {
        "2": 4,
        "3": 11,
        "4": 15,
        "5": 3
      },
      "old_mean": 3.1818181818181817,
      "new_mean": 3.515151515151515,
      "mean_delta": 0.3333333333333333,
      "exact_agreement": 0.30303030303030304,
      "within_one_agreement": 0.8787878787878788,
      "mean_absolute_difference": 0.8181818181818182,
      "spearman_rank_correlation": 0.3156765350737737,
      "quadratic_weighted_kappa": 0.28305400372439493
    },
    "bottom_to_top": {
      "old_distribution": {
        "1": 10,
        "2": 4,
        "3": 8,
        "4": 3,
        "5": 8
      },
      "new_distribution": {
        "1": 11,
        "2": 11,
        "3": 4,
        "4": 4,
        "5": 3
      },
      "old_mean": 2.8484848484848486,
      "new_mean": 2.303030303030303,
      "mean_delta": -0.5454545454545454,
      "exact_agreement": 0.45454545454545453,
      "within_one_agreement": 0.8181818181818182,
      "mean_absolute_difference": 0.7878787878787878,
      "spearman_rank_correlation": 0.7335708557036805,
      "quadratic_weighted_kappa": 0.6783898305084746
    }
  },
  "adjudication_changes": [
    {
      "episode_index": 3,
      "stage": "side_one",
      "raw_quality_score": 4,
      "final_quality_score": 3,
      "raw_criteria": [
        2,
        1,
        2,
        1
      ],
      "final_criteria": [
        1,
        1,
        1,
        1
      ],
      "reason": "Temporal wrist views exposed broad bunching and uneven placement that the final base snapshots made look like a localized loose edge."
    },
    {
      "episode_index": 4,
      "stage": "side_two",
      "raw_quality_score": 5,
      "final_quality_score": 4,
      "raw_criteria": [
        2,
        2,
        2,
        2
      ],
      "final_criteria": [
        2,
        1,
        2,
        1
      ],
      "reason": "The temporal views showed a rolled sleeve/edge and a non-flat end that were understated in the final base snapshots."
    },
    {
      "episode_index": 9,
      "stage": "side_two",
      "raw_quality_score": 5,
      "final_quality_score": 4,
      "raw_criteria": [
        2,
        2,
        2,
        2
      ],
      "final_criteria": [
        2,
        1,
        2,
        1
      ],
      "reason": "The settled strip retained a protruding layered end and localized roll; containment and flatness are acceptable rather than strong."
    },
    {
      "episode_index": 10,
      "stage": "side_two",
      "raw_quality_score": 5,
      "final_quality_score": 4,
      "raw_criteria": [
        2,
        2,
        2,
        2
      ],
      "final_criteria": [
        2,
        1,
        2,
        1
      ],
      "reason": "Temporal views showed a persistent protruding layered flap and localized unevenness at the strip end."
    },
    {
      "episode_index": 23,
      "stage": "side_one",
      "raw_quality_score": 5,
      "final_quality_score": 4,
      "raw_criteria": [
        2,
        2,
        2,
        2
      ],
      "final_criteria": [
        2,
        2,
        2,
        1
      ],
      "reason": "Temporal wrist views showed a persistent layered ridge, so flatness is acceptable rather than strong."
    },
    {
      "episode_index": 25,
      "stage": "side_two",
      "raw_quality_score": 5,
      "final_quality_score": 4,
      "raw_criteria": [
        2,
        2,
        2,
        2
      ],
      "final_criteria": [
        2,
        1,
        2,
        1
      ],
      "reason": "Temporal views showed a protruding layered end and edge waviness not visible enough in the four-frame base panel."
    }
  ],
  "limitations": [
    "The rescore is blind to v1 numeric labels but is not an independent second-rater study.",
    "The same AI-assisted reviewer performed the blind and temporal passes.",
    "All labels describe successful outcomes; score 1 is not a failure label.",
    "Side-fold v1 agreement is too weak to treat either label set as ground truth.",
    "Smoothing speed and retry count are excluded from outcome quality."
  ]
}
