{
  "schema_version": "openarm2.bounded-action-smoothing-audit.v1",
  "contract_sha256": "26934bf082863853f36507d81daa00be556df8700024c0224062941cfaa26bb3",
  "data_parquet_sha256": "2d8a6e2a851df08c4a4d1173d89b07aeefd886ee38c3505644a233c39453d867",
  "split": "train",
  "episode_indices": [
    0,
    1,
    3,
    4,
    5,
    7,
    8,
    9,
    10,
    13,
    15,
    16,
    17,
    18,
    19,
    20,
    21,
    22,
    23,
    24,
    25,
    26,
    28,
    29,
    30,
    31,
    32
  ],
  "chunks": 28451,
  "chunk_size": 30,
  "smoothing": {
    "method": "uniform_cubic_bspline",
    "kernel": [
      0.16666666666666666,
      0.6666666666666666,
      0.16666666666666666
    ],
    "passes": 2,
    "gripper_event_threshold": 0.005
  },
  "metrics": {
    "arm_adjustment_mean_rad": 0.0011043367662888865,
    "arm_adjustment_p99_rad": 0.00842753052711509,
    "arm_adjustment_max_rad": 0.08350005414750838,
    "velocity_absolute_difference_ratio": 0.9410520273825301,
    "acceleration_absolute_difference_ratio": 0.42300572520092095,
    "jerk_absolute_difference_ratio": 0.3247207526072982
  },
  "checks": {
    "finite": true,
    "arm_inside_soft_limits": true,
    "grippers_exact_passthrough": true,
    "chunk_endpoints_exact": true,
    "gripper_event_boundaries_exact": true,
    "p99_arm_adjustment_at_most_0_01_rad": true,
    "acceleration_not_increased": true,
    "jerk_not_increased": true
  },
  "passed": true
}
