{
  "schema_version": 1,
  "representation_id": "anvil-openarm2-right-first-soft-bounds-v1",
  "chunk_size": 30,
  "action_feature_names": [
    "right_joint_1.pos",
    "right_joint_2.pos",
    "right_joint_3.pos",
    "right_joint_4.pos",
    "right_joint_5.pos",
    "right_joint_6.pos",
    "right_joint_7.pos",
    "right_gripper.pos",
    "left_joint_1.pos",
    "left_joint_2.pos",
    "left_joint_3.pos",
    "left_joint_4.pos",
    "left_joint_5.pos",
    "left_joint_6.pos",
    "left_joint_7.pos",
    "left_gripper.pos"
  ],
  "arm_indices": [0, 1, 2, 3, 4, 5, 6, 8, 9, 10, 11, 12, 13, 14],
  "absolute_indices": [7, 15],
  "limit_provenance": "OpenArm 2.0 nominal controller limits expanded only where the pinned 33-session real dataset proves a wider reachable controller coordinate; expanded endpoints equal full-dataset action extrema plus 0.01 rad, followed by the arm_margin_rad inward buffer. This is a representation envelope, not the hardware safety kernel.",
  "lower": [
    -1.3962634015954636,
    -0.17453292519943295,
    -1.586999068260,
    0.0,
    -1.583810577393,
    -1.268650898933,
    -1.5707963267948966,
    -0.003,
    -3.490658503988659,
    -3.3161255787892263,
    -1.5707963267948966,
    0.0,
    -1.5707963267948966,
    -0.818977544308,
    -1.582097182274,
    -0.003
  ],
  "upper": [
    3.490658503988659,
    3.3161255787892263,
    1.5707963267948966,
    2.443460952792061,
    1.592581877708,
    0.810630986691,
    1.588844547272,
    0.05,
    1.3962634015954636,
    0.209336558580,
    1.581742534637,
    2.443460952792061,
    1.5707963267948966,
    1.2217304763960306,
    1.5707963267948966,
    0.05
  ],
  "arm_margin_rad": 0.005,
  "train_only_fit": {
    "episode_indices": [0, 1, 3, 4, 5, 7, 8, 9, 10, 13, 15, 16, 17, 18, 19, 20, 21, 22, 23, 24, 25, 26, 28, 29, 30, 31, 32],
    "split_sha256": "dac42679c3d43b9a6c76e28fb6e23aad6d85599524b73433bb37df662b02795f",
    "quantile_low": 0.01,
    "quantile_high": 0.99,
    "minimum_scale": 0.02,
    "clip_value": 1.0,
    "smoothing_kernel": [0.25, 0.5, 0.25],
    "max_training_clip_fraction": 0.01
  }
}
